{
  "totalSections": 68,
  "successfulExtractions": 68,
  "fallbackUsage": 0,
  "averageQuality": 0.7856323529411756,
  "averageConfidence": 0.9856323529411765,
  "extractionSuccessRate": 100
}