{
  "totalSections": 172,
  "successfulExtractions": 172,
  "fallbackUsage": 1,
  "averageQuality": 0.49471773255813967,
  "averageConfidence": 0.6415723837209307,
  "extractionSuccessRate": 99.4186046511628
}