{
  "totalSections": 112,
  "successfulExtractions": 112,
  "fallbackUsage": 0,
  "averageQuality": 0.6522232142857136,
  "averageConfidence": 0.8522232142857138,
  "extractionSuccessRate": 100
}